000740b6c1cc763e,"{'гб', 'галька', 'смартфон', '6', 'белоснежная', 'ru', '128', 'redmi', 'nfc', 's', 'xiaomi', 'note', '10'}"
0083737f904dd9a9,"{'1058', 'lumme', 'фен', 'lu'}"
01378fa92f901df5,"{'ideapad', 'radeon', '256', 'amd', 'w', 'graphics', 'гб', 'x', '81', 'платина', 'серый', 'ггц', '3', '1920', '5', 'ноутбук', '15', 'ssd', '4500', 'ryzen', 'dos', 'rk', '05', 'are', '2', '40033', 'lenovo', '6', 'u', '1080'}"
01601abb0bf5133d,"{'микроволновая', 'серебристый', 'd', 'печь', '2071', 'hym', 'hyundai'}"
01a28e17323d6ef8,"{'xerox', 'bi', '3020', 'phaser', 'лазерный', 'принтер'}"
01e52344308143f6,"{'wgs', 'ws', 'плита', 'белый', 'g', '4', '02', 'газовая', 'weissgauff'}"
0229abcf2ded1058,"{'nivona', 'caferomatica', 'кофемашина', 'nicr', '525'}"
05a95e7066dc4c52,"{'global', 'mi', 'умный', 'браслет', '7', 'черный', 'band', 'xiaomi'}"
05cb692a7fd6c0e6,"{'33', 'акустика', 'defender', 'компьютерная', 'spk'}"
05d4f6d7e4fe8c4b,"{'мм', 'galaxy', 'часы', '40', 'wi', 'fi', 'черный', 'watch', '4', 'умные', 'nfc', 'samsung'}"
0607c04000d78548,"{'canon', 'mf', 'sensys', 'мфу', 'лазерное', '3010'}"
070dd48327cad4d5,"{'2535', 'микроволновая', 'ms', 'черный', 'gis', 'печь', 'lg'}"
0793124d86c65dc5,"{'032', 'nrb', 'холодильник', 'белый', '152', 'nordfrost'}"
07be2569f73bd6b7,"{'18', 'белый', 'hpr', 'zanussi', '1', 'сплит', 'система', 'n', 'a', '09', 'zacs'}"
07d12ec5a962c925,"{'r', 'mb', 'микроволновая', '95', 'черный', 'печь', 'lg', 'dis', '65'}"
08516de8de755f62,"{'canon', 'mf', 'sensys', 'dw', 'мфу', 'лазерное', '443'}"
08d814610482da4a,"{'m', 'hp', 'мфу', 'лазерное', 'pro', 'color', 'laserjet', 'fdn', 'mfp', '479'}"
09824205ce94d7c9,"{'5301', 'honor', 'uhd', 'aapl', '1', '256', 'graphics', 'гб', 'x', 'серый', 'ггц', 'intel', '3', '1920', 'ноутбук', 'ssd', 'wai', 'nbr', 'космический', 'magicbook', 'i', '2', '9', '10110', 'u', 'windows', '1080', 'core', 'home', '14', '10'}"
0ab98256ef22b592,"{'r', 'маршрутизатор', '605', 'tp', 'link', 'er', 'tl'}"
0ac565ce3bfa280b,"{'стиральная', 'bi', 'whe', '1206', 'белый', 'hansa', 'машина'}"
0be9800a9a538231,"{'50', 'au', 'черный', 'u', 'led', '2021', 'samsung', 'ue', 'телевизор', '7500', 'hdr'}"
0c5ac0f8d296c43a,"{'встраиваемая', 'kuppersberg', 'gsm', 'посудомоечная', 'серебристый', '6073', 'машина'}"
0cb3fc4ae2e1d6fd,"{'гб', 'смартфон', 'smart', 'ru', '128', 'ярко', '4', '2021', 'зеленый', 'huawei'}"
0db4a3bd5db1f203,"{'серый', 'x', 'lenovo', '1440', '23', 'h', 'гц', '8', 'монитор', '24', '2560', 'q', '75', 'ips', '10'}"
0e98903bc50f96a4,"{'гб', 'super', 'retail', 'видеокарта', '6', 'geforce', 'gtx', 'msi', 'ventus', 'oc', '1660', 'xs'}"
0faf2717bf811454,"{'p', 'bosch', 'газовый', 'белый', '23', 'водонагреватель', 'проточный', '2', 'wr', '10'}"
100949e164af5333,"{'x', '34', '1440', 'standard', 'гц', '165', 'черный', '3440', 'монитор', 'va', 'gt', 'edition', 'huawei', 'mateview'}"
108edf8f1054d7d4,"{'гб', 'retail', 'gaming', '3060', 'видеокарта', 'asus', 'rtx', 'tuf', 'v', 'g', 'geforce', '8', 'oc', 'ti', 'edition', '2', 'o'}"
1112102ced6b29fe,"{'x', 'am', '7', 'процессор', 'box', 'amd', '8', '4', 'мгц', '5800', '3800', 'ryzen'}"
116a0dea1a4ff02d,"{'thermex', 'белый', 'водонагреватель', 'накопительный', '80', 'omnia', 'электрический'}"
116c9e6140857b4b,"{'700', 'плита', 'gefest', '02', 'газовая', 'коричневый'}"
11777853e7c22618,"{'gaming', 'rk', 'lenovo', '3', 'ip', '6', 'd', 'ach', 'k', '1', 'ноутбук', '15', '82', '201'}"
117f01fe96fc2b89,"{'гб', 'fe', 'смартфон', 'galaxy', '21', 'e', 'sm', 'белый', 'g', '128', '8', 's', 'samsung', '990'}"
11ec463047d7bc56,"{'x', '1440', 'v', 'ea', 'гц', 'черный', 'aoc', 'монитор', '4', '27', '2560', 'q', '75', 'ips'}"
1253c3296a3c0153,"{'серый', 'xiaomi', 'mi', '2020', 'tv', '4', 't', 'led', 's', 'стальной', '2', 'телевизор', '65', 'hdr'}"
125544c9cc07456f,"{'de', 'babyliss', '6709', 'фен'}"
1320d9871e0e41e1,"{'x', 'ece', 'asus', '23', '1920', 'гц', 'черный', '1080', '8', 'монитор', 'va', '24', '75', 'ips'}"
13238d78e9f5777f,"{'wt', 'холодильник', 'серебиристый', 'sa', '5290', '37', 'rb', 'samsung', 'a'}"
13a23947cc15cfe7,"{'desktop', 'nf', 'mi', 'monitor', 'rmmnt', 'x', '75', 'eu', '1920', 'гц', 'черный', '1080', 'монитор', '27', 'xiaomi', 'ips'}"
13bffaadb1f61ba8,"{'acl', 'radeon', '5500', '1', 'amd', 'pro', 'mineral', 'graphics', 'гб', 'x', '4002', 'серый', 'ггц', 'eru', '3', '1920', 'g', '5', 'ноутбук', '15', 'ssd', 'thinkbook', 'ryzen', '512', 'a', '2', '21', 'lenovo', '6', 'u', 'windows', '1080', '10'}"
13f78f44e27fec08,"{'xiaomi', 'mi', 'qled', '2019', 'черный', '5', 'tv', 'cn', 'pro', 'телевизор', '65', 'hdr'}"
14d7de09535f5f24,"{'стиральная', 'белый', 'сушкой', 'kwdi', '1485', 'korting', 'машина'}"
15045e15063ca106,"{'микроволновая', 'horizont', 'белый', 'bfs', 'печь', '1479', '800', 'mw', '20'}"
15cb3a27705c8a79,"{'5301', 'radeon', 'honor', '1', 'amd', 'отсутствует', 'graphics', 'гб', 'x', 'серый', 'ггц', '3', '5600', '1920', '11', '5', 'ноутбук', 'hdd', 'ssd', 'ryzen', '512', 'abcm', 'h', 'космический', 'magicbook', 'windows', '1080', 'home', '16'}"
160fedb205c7f64e,"{'гб', 'fe', 'смартфон', 'galaxy', 'sm', '6', 'синий', 'g', '128', 's', 'samsung', '20', '780'}"
161fca3b6bcf5fcc,"{'33', 'гб', 'смартфон', 'galaxy', '6', 'черный', 'g', '5', '128', 'samsung', 'a'}"
168bf704bf291d84,"{'zanussi', 'zwh', 'водонагреватель', 'накопительный', '15', 'mini', 'зеленый', 'электрический'}"
177ccb3b84125efa,"{'умный', 'lea', '7', 'браслет', 'черный', 'band', 'b', '19', 'huawei', 'графитовый'}"
1795ccd84570377e,"{'робот', '9', 'dreame', 'белый', 'd', 'пылесос', 'ru'}"
187f86e9f768ebeb,"{'mi', 'p', 'черный', 'ru', 'tv', '1', 'led', '32', '2021', 'телевизор', 'xiaomi'}"
18a5d547a136f872,"{'lga', 'intel', '6', 'процессор', '5', 'f', '11400', 'core', '1200', '2600', 'мгц', 'i', 'oem'}"
18f70798698916ae,"{'гб', 'смартфон', 'galaxy', '23', 'черный', '4', 'samsung', 'a', '64'}"
193e2a2bb43ac363,"{'встраиваемая', '25010', 'посудомоечная', 'белый', 'beko', 'машина', 'dis'}"
19a0e085f1c80eb6,"{'r', 'wi', 'fi', '2640', 'link', 'dsl', 'u', 'роутер', '1', 'a'}"
1a3d1cb265de4c4e,"{'blu', '30', 'ariston', 'evo', '2019', 'белый', 'водонагреватель', 'ru', 'синий', 'накопительный', 'электрический'}"
1c370548bdb8590d,"{'робот', 'robot', '3', 'v', 'черный', 'пылесос', 'viomi', 'cleaning', 'xiaomi'}"
1c8762ee8c6d4a9b,"{'плита', 'черный', 'zip', 'электрическая', 'zigmund', 'shtain', '551'}"
1d56acfbc4983b65,"{'lga', '9', 'kf', 'intel', '1700', 'процессор', 'core', '3200', 'мгц', '16', '12900', 'i', 'oem'}"
1d710b10c62c6a00,"{'41', 'мм', 'galaxy', 'часы', 'wi', 'fi', '3', 'watch', 'ru', 'умные', 'nfc', 'розовый', 'samsung', 'бронза'}"
1eca353c3aaa0108,"{'wi', 'fi', 'link', 'dir', 'роутер', 's', '620'}"
1f21918ceb5d345c,"{'cappuccino', 'saeco', 'кофемашина', 'lirika', 'one', 'touch'}"
1f3709ce593ece4a,"{'e', '12', 'ws', 'плита', 'v', 'белый', 'электрическая', 'weissgauff', '2', 'wes'}"
20ba2dcb69e1e35a,"{'50', 'v', 'er', 'водонагреватель', 'накопительный', 'edisson', 'электрический'}"
20cc3e4f7665c876,"{'50', '60', 'черный', 'philips', '7406', 'pus', '2021', 'телевизор', 'hdr'}"
21991eb9be11bcfe,"{'r', 'wi', 'fi', 'mercusys', 'роутер', '301', 'mw'}"
2215bb3c753bac5a,"{'7002', '50', 'au', 'черный', '2022', 'u', 'samsung', 'ue', 'телевизор'}"
250b2183453afede,"{'global', 'гб', 'серый', 'wi', 'fi', '6', '5', '128', 'космический', 'pad', 'планшет', 'xiaomi'}"
257d8f18f913e5d7,"{'стиральная', 'белый', 'сушкой', 'ewta', 'машина', 'graude', '0', '80'}"
25d66337f5007356,"{'гб', 'смартфон', 'galaxy', 'm', 'черный', 'g', '5', '52', '8', '128', 'samsung'}"
26cd2d13903ad9b9,"{'робот', 'mi', 'robot', 'белый', 'пылесос', '1', 'cn', 'cleaner', 's', 'vacuum', 'xiaomi'}"
2714c15923a2aeeb,"{'компьютерная', 'pharos', 'perfeo', 'акустика'}"
28085e941cde1639,"{'бирюса', 'белый', '118', 'холодильник'}"
28b35afffe8435b8,"{'07', 'he', 'acn', 'белый', 'сплит', 'система', 'jax'}"
2948d875bd6e4a2d,"{'caffeo', 'кофемашина', 'melitta', 'solo'}"
29fe74264baec52c,"{'mb', 'микроволновая', 'серебристый', 'dir', 'печь', 'lg', 'w', '65'}"
2a4be1cc65af864a,"{'thermex', 'белый', 'водонагреватель', 'накопительный', '80', 'titaniumheat', 'электрический'}"
2b0ab54004b858af,"{'tp', 'wi', 'fi', 'link', 'tl', 'роутер', '842', 'n', 'wr'}"
2bc1c5675d111d9f,"{'гб', '70', 'nova', 'смартфон', 'crystal', 'синий', '128', '4', 'y', 'huawei'}"
2bcb6cbc8732a9b6,"{'микроволновая', 'panasonic', 'серебристый', 'черный', 'mszpe', 'печь', 'nn', 'c', '69'}"
2c278b066237ccc0,"{'часы', 'ru', 'умные', 'розовый', 'bip', 'amazfit'}"
2ce6f8d283aa69c5,"{'ос', 'radeon', 'v', '7000', '1', '256', 'amd', '8', '3500', 'yru', 'гб', 'x', 'без', 'серый', 'ггц', '1920', '5', 'ноутбук', 'c', '15', 'ssd', 'ryzen', 'iron', 'ada', '2', 'lenovo', '6', 'u', '1080', '82', 'vega'}"
2d779b8a8ff7d278,"{'e', 'ws', 'плита', 'v', 'белый', 'электрическая', '02', 'weissgauff', '2', 'wes'}"
2d9276456599a944,"{'07', 'nt', 'd', 'белый', 'сплит', 'система', '65', 'newtek'}"
2e5af7eb35741f68,"{'buds', 'galaxy', 'белый', 'беспроводные', 'pro', 'наушники', 'samsung'}"
2e9d9df33a9c55f0,"{'гб', 'смартфон', 'm', 'заряженный', '6', 'черный', 'g', 'ru', '128', '4', 'poco', 'pro', 'xiaomi'}"
2ea467129e23718e,"{'стиральная', 'teka', 'белый', 'li', '5', '1080', 'exp', 'машина'}"
2eb451c97426f306,"{'индукционная', 'плита', 'кт', 'kitfort', '144'}"
2f92010236ee9319,"{'гб', 'серый', 'galaxy', 'wi', 'tab', 'fi', '3', 'cellular', '8', '32', 'темно', 'samsung', 'a', 'планшет'}"
2fb0f64b2f454ce5,"{'hf', 'electrolux', '3', 'белый', 'eacs', 'y', 'сплит', 'система', 'n', '22', '09'}"
3024dbf152225504,"{'белый', 'беспроводные', '7', 'mv', 'футляром', 'airpods', 'наушники', 'n', 'apple', '2', 'зарядным'}"
31312fb0f5ebc4a2,"{'микроволновая', 'mw', 'черный', '262', 'печь', 's', 'national', 'nk', '20'}"
31862a08efb59198,"{'retail', 'видеокарта', 'geforce', 'gtx', 'msi', '4', 'oc', 'ti', 'gt', '1050'}"
32a7b966f7ab8c72,"{'moser', '0050', 'фен', '4350'}"
32f6854f801cbf10,"{'встраиваемая', '45', 'mid', 'midea', '130', 'посудомоечная', 'серебристый', 's', 'машина', 'i'}"
3312f087da822eaa,"{'nr', 'холодильник', 'белый', '403', 'aw', 'nordfrost'}"
343e6f18eed4247e,"{'lga', 'intel', '3', '3700', 'процессор', 'box', 'f', '4', 'core', '1200', 'мгц', 'i', '10105'}"
3478f4ee87d43aee,"{'lga', 'intel', '1700', '6', 'процессор', '5', 'f', 'core', 'мгц', '2500', '12400', 'i', 'oem'}"
349fdfb870581e8c,"{'робот', 'mi', 'robot', 'eu', 'черный', 'пылесос', 'ultra', 'vacuum', 'mop', 'xiaomi', '2'}"
3506a28b65ac9e2b,"{'thermex', 'белый', 'водонагреватель', 'накопительный', 'titaniumheat', '150', 'электрический'}"
3548c7f528527e95,"{'30', 'electrolux', 'quantum', 'белый', 'водонагреватель', 'накопительный', 'ewh', 'pro', 'электрический'}"
35b3667e9c4d5ab3,"{'thermex', '5000', 'surf', 'белый', 'водонагреватель', 'проточный', 'душ', 'электрический'}"
35dcbf60d7bbfcee,"{'ge', 'микроволновая', 'белый', 'bw', 'печь', '88', 'samsung', 'suw'}"
364c0875ba59dbbb,"{'midea', 'белый', 'водонагреватель', 'mwh', 'накопительный', '5015', 'cvm', 'электрический'}"
3739ab3aad1cc751,"{'wi', 'fi', 'mercusys', 'ac', 'роутер', '10'}"
3770f7338ab697da,"{'magsafe', 'белый', 'беспроводные', 'airpods', 'pro', 'наушники', 'apple'}"
377312a4a7d64f81,"{'hp', 'лазерный', 'принтер', 'w', 'laser', '107'}"
377541fb839e74c8,"{'lga', '3600', 'intel', '3', 'процессор', 'f', '10100', 'core', '4', '1200', 'мгц', 'i', 'oem'}"
37b6e131f080f0da,"{'mi', 'true', 'wireless', 'беспроводные', 'черный', 'earphones', 'pro', 'наушники', '2', 'xiaomi'}"
37b7e8e97bd33f12,"{'ws', 'wi', 'fi', 'роутер', '7100', 'huawei'}"
3914651e72846423,"{'встраиваемая', 'стиральная', '28541', 'bosch', 'eu', 'wiw', 'машина'}"
391e608092fe27de,"{'hf', 'акустика', '180', 'компьютерная', 'genius', 'sp'}"
3957c93dce19b3fe,"{'гб', 'серый', 'matepad', 'wi', 'fi', '2022', '4', 'матовый', 'huawei', '64', 'планшет', '10'}"
3abd00f4ca1adfcc,"{'черный', '75006', 'led', 'up', 'lg', '2021', 'lf', '55', 'телевизор', 'hdr'}"
3c096a1f539c1daf,"{'индукционная', 'плита', 'черный', 'hyc', '0101', 'hyundai'}"
3d97593a7a33e57a,"{'07', 'белый', '1', 'мобильный', 'hpac', 'кондиционер', 'hyundai'}"
3e0ce7036a5a0195,"{'микроволновая', 'smg', 'серебристый', 'печь', 'caso', '20'}"
3e67027c91e41af1,"{'mi', 'smart', 'умный', 'браслет', 'черный', 'ru', 'band', '4', 'nfc', 'xiaomi'}"
3edadb7a2d627f65,"{'робот', 'черный', 'пылесос', '5', 'ru', 'roborock', 's', 'max'}"
3ef0e6e982996562,"{'гб', 'смартфон', 'galaxy', 'белый', 'g', '5', '73', '128', '8', 'samsung', 'a'}"
3f844bec1d74466d,"{'3', 'белый', 'беспроводные', 'airpods', 'наушники', 'apple'}"
3fc7aa1177989cca,"{'гб', '9', 'nova', 'смартфон', 'черный', 'ru', '128', '8', 'huawei'}"
40037632f88f0617,"{'акустика', '35', 'defender', 'компьютерная', 'spk'}"
40fb45575beccb56,"{'r', 'микроволновая', 'белый', '23', '35', 'печь', 'lg', 'mw', 'gih'}"
41142f2def7d724f,"{'500', 'water', 'фен', 'h', 'ionic', 'dryer', 'hair', 'xiaomi'}"
411f7f7ba0be16fd,"{'thermex', 'drift', 'белый', 'водонагреватель', 'накопительный', '15', 'электрический'}"
42398a549069860c,"{'40', 'ea', 'черный', '2022', 'cn', '2021', 'телевизор', 'xiaomi'}"
432fef74d528586f,"{'freebuds', 'беспроводные', 'черный', '4', 'наушники', 'huawei', 'i'}"
43ae291b3ec558a6,"{'гб', 'retail', 'видеокарта', 'dual', 'asus', 'rtx', 'v', 'g', 'geforce', '8', '3070', 'oc', '2', 'o'}"
43f7583a52960284,"{'30', 'thermex', 'белый', 'водонагреватель', 'накопительный', 'smartline', 'электрический'}"
443fbb7739d5eccb,"{'x', '2721', 'серебристый', 'hsx', '1920', 'гц', 'черный', 'hs', '1080', 'монитор', '27', 's', 'dell', '75', 'ips'}"
44fc96d2d6363eb9,"{'whi', '3060', 'индукционная', 'плита', 'черный', 'weissgauff'}"
46889124439ddfa4,"{'r', 'микроволновая', 'белый', '35', 'печь', 'lg', 'gisw', 'mw', '25'}"
46f81b709a5c80f9,"{'микроволновая', 'ms', 'белый', 'печь', 'dy', '2042', 'lg'}"
471b8b5f9c648910,"{'фен', 'philips', '360', 'bhd', '20'}"
47355d644fa375b2,"{'плита', 'черный', 'mt', 'электрическая', '4210', 'жемчуг', 'marta'}"
4850871069f9073a,"{'tp', 'wi', 'fi', 'link', 'tl', '840', 'роутер', 'n', 'wr'}"
48d9db768fc12833,"{'m', 'd', 'мфу', '6700', 'лазерное', 'pantum'}"
494195cb88d5e3ad,"{'tqhqaurner', 'tqhqaurxer', 'белый', 'сплит', 'система', 'samsung', '09', 'ar'}"
4ab004bd3c60bab9,"{'de', 'кофемашина', 'longhi', 'inissia', 'nespresso', 'en', 'капсульная', '80'}"
4b220b0b1cabd51a,"{'стиральная', 'kuppersberg', 'белый', '1477', 'машина', 'wm'}"
4b59cf0aad60dfe4,"{'45', 'микроволновая', 'белый', 'печь', 'whirlpool', 'fw', 'max'}"
4bdecd6785970f05,"{'акустика', '163', 'компьютерная', 'ok', 'oklick'}"
4c8a5b8f228eaed8,"{'гб', 'x', 'tb', 'wi', 'tab', 'lenovo', 'fi', 'abyss', '6', 'синий', 'k', 'cellular', 'c', '4', '2021', '64', 'планшет', '10'}"
4d63beda626c7f3e,"{'компьютерная', 'sven', '312', 'акустика'}"
4e7b09a6a5d50370,"{'m', 'sdn', 'hp', 'мфу', 'лазерное', '236', 'laserjet'}"
4ee851e0c2dda54c,"{'бежевый', '30', 'wt', 'холодильник', '32', 'rb', 'n', 'samsung', 'a', '0', 'el'}"
4f641eb022b931b9,"{'lga', 'intel', '3', '12100', '1700', 'процессор', 'f', '3300', '4', 'core', 'мгц', 'i', 'oem'}"
4f9bf73be63fa349,"{'general', 'hr', 'белый', 'h', 'gu', 're', 'сплит', 'система', '09', 'climate', 'gc'}"
4fae4dee12611ab9,"{'air', 'белый', 'беспроводные', 'cn', 'наушники', 'se', '2', 'xiaomi'}"
501b4ad757268238,"{'ос', 'ideapad', 'iris', '1', '8', 'graphite', 'graphics', 'серый', 'x', 'без', 'ггц', 'intel', '1920', '7', '5', 'g', 'ноутбук', 'c', 'itl', 'ssd', 'rk', '05', '1165', 'i', '2', 'xe', 'fe', '00', 'lenovo', 'тб', '6', '1080', 'core', '82', '14'}"
516c4c0cca619ea4,"{'mi', 'robot', 'pro', 'vacuum', 'mop', '2'}"
5277163b1a2099dd,"{'встраиваемая', 'bosch', 'hmx', 'посудомоечная', '6', 'серебристый', '1', 'mr', 'машина', 'spv'}"
528e3d99bf396149,"{'мм', 'часы', '45', 'aluminium', 'темная', '7', 'watch', 'series', 'умные', 'ночь', 'apple', 'case'}"
5317b3a4544125ab,"{'beauty', 'dewal', 'фен', 'comfort'}"
536ef2e265b8678c,"{'акустика', 'компьютерная', 'genius', '160', 'sp', 'q'}"
53a206146d4ecba5,"{'стиральная', 'slw', 'tb', '7132', 'lorenz', 'schaub', 'машина'}"
54c9c1029f7053a5,"{'ос', 'ea', 'iris', '90', '0', 'graphics', 'гб', 'x', 'без', 'ггц', 'oled', 'intel', '3', 'asus', 'mist', '1920', '1135', '5', 'g', '7', 'ноутбук', 'ssd', 'ux', 'kg', '325', '512', 'nb', 'zenbook', '763', 'ed', 'i', '2', 'сирень', 'xe', '00', 'sl', 'm', '13', '1080', '4', 'core'}"
54f50670bcf48f9a,"{'41', 'мм', 'часы', 'aluminium', '7', 'watch', 'series', 'сияющая', 'умные', 'apple', 'звезда', 'case'}"
54f849cca17ad46c,"{'mi', '50', 'p', 'черный', 'tv', '1', 'led', '2021', 'телевизор', 'xiaomi', 'hdr'}"
563d494021391f6f,"{'global', 'робот', 'mi', 'robot', 'белый', 'пылесос', 'vacuum', 'mop', 'xiaomi'}"
565cd2e69b1fcdca,"{'hpf', 'белый', 'zanussi', '1', 'сплит', 'система', 'n', 'a', '09', 'zacs', '17'}"
56ce631a5a6b0cc1,"{'mbwm', 'стиральная', 'maunfeld', 'серебристый', '148', 's', 'машина'}"
58330809dae8fcad,"{'retail', 'gaming', 'видеокарта', 'rtx', 'g', 'geforce', 'msi', '8', '3070', 'ti', 'trio'}"
59ffd7e4452b90b8,"{'nanocell', 'черный', 'pa', '756', 'nano', 'lg', '55', 'телевизор', 'hdr'}"
5a8702ae15ccd6df,"{'r', 'встраиваемая', 'neff', 'серый', 'ikx', '50', 'посудомоечная', '953', 's', 'машина'}"
5b53bef85d17bfd9,"{'x', 'e', 'lenovo', '60', '1920', 'гц', 'черный', '1080', 'монитор', '27', 's', 'thinkvision', '20', 'ips'}"
5cd2febf56f0e483,"{'retail', 'x', 'видеокарта', 'radeon', 'rx', 'g', 'mech', 'msi', '4', '6500', 'oc', 'xt', '2'}"
5d3fa3ae27980116,"{'nr', 'холодильник', 'белый', '506', 'nordfrost'}"
5d69c61237a79bc1,"{'mkgp', '1', 'pro', 'graphics', 'гб', 'серый', 'macos', 'll', '3', 'macbook', 'late', 'ноутбук', '2021', 'ssd', '512', '1964', 'космос', '2', 'm', '3024', 'core', 'apple', '14'}"
5da1e1dbd653ddae,"{'робот', 'влажная', 'mijia', 'lds', 'robot', 'пылесос', 'уборка', 'cleaner', 'vacuum', 'mop', 'xiaomi'}"
5de19e78cb7b902f,"{'retail', 'gaming', '3060', 'видеокарта', 'lhr', 'rtx', 'g', 'geforce', 'msi', '8', 'ti'}"
5f0283bd0bae9396,"{'ssn', 'x', '23', 'se', '1920', 'гц', 'черный', '1080', '8', 'монитор', '24', 'huawei', '75', 'ips', 'mateview'}"
5fa45f2e58a4b6d6,"{'7683', 'saeco', 'sm', 'кофемашина', 'xelsis'}"
5feb5e5d2a37e729,"{'встраиваемая', 'bosch', 'hmx', 'посудомоечная', '6', '4', 'mr', 'машина', 'spv'}"
60c511bc3f614e22,"{'smartfix', 'душ', 'electrolux', '3', 'кран', 'водонагреватель', '5', 'ts', 'проточный', '2', '0', 'электрический'}"
610464dcf5e1dc98,"{'гб', 'retail', 'видеокарта', 'd', '6', 'geforce', 'gtx', 'msi', 'ventus', '4', 'oc', 'xs', '1650'}"
6161c9b880b9622c,"{'30', 'белый', 'zanussi', 'zwh', 'водонагреватель', 'накопительный', 'lorica', 'электрический'}"
619891c75facdfd3,"{'54', 'tp', 'wi', 'fi', 'link', 'роутер', 'c', 'archer'}"
62e72eba83c67ee6,"{'29', 'кофемашина', 'delonghi', 'etam', 'autentica', 'sb', '660'}"
64056890cc4af17f,"{'встраиваемая', 'bdw', 'посудомоечная', 'машина', '4134', 'weissgauff'}"
647995c157f7d99a,"{'e', 'lenovo', 'eu', '62', '1', 'монитор', 'bbkat', 'thinkvision', '20'}"
648c6e1504a4e7cd,"{'buds', '3', 'беспроводные', 'черный', 'redmi', 'pro', 'наушники', 'графит', 'xiaomi'}"
64cb91aaedd3e189,"{'микроволновая', 'md', 'черный', 'печь', 'leff', '707', '20'}"
654fe5d10e55bbeb,"{'1000', 'кофемашина', 'garlyn', 'l'}"
658389286433bfc3,"{'3600', 'am', '6', 'процессор', '5', 'amd', '4', 'мгц', 'oem', 'ryzen'}"
65ae4c1d834dd1c3,"{'tp', 'wi', 'fi', 'link', '3020', 'tl', 'роутер', 'mr'}"
65d0a61465fb389b,"{'retail', 'gigabyte', '3060', 'видеокарта', '12', 'vision', 'rtx', 'g', 'geforce', 'rev', 'oc', 'n', 'gd', '2', '0', 'gv'}"
66111416e7cce47c,"{'720', 'микроволновая', 'midea', 'белый', 'em', 'печь', 'cke'}"
6641efda5eea8e32,"{'babyliss', 'ire', 'фен', 'bab', '6510', 'pro'}"
664b48a4aafdf9cf,"{'09', 'he', 'белый', 'acn', 'сплит', 'система', 'jax'}"
6723766c4478d88b,"{'xerox', 'лазерный', 'принтер', 'b', '210'}"
680983361f9768d3,"{'гб', 'retail', 'gaming', 'видеокарта', 'asus', 'rtx', 'tuf', 'v', 'g', 'geforce', '8', '3070', 'oc', 'edition', '2', 'o'}"
687fc227afb5b319,"{'x', 'p', '60', '1920', 'гц', '2421', '1', 'черный', 'монитор', '24', '1200', 'dell', 'ips'}"
68ccf6102657986b,"{'встраиваемая', 'bi', '45', 'посудомоечная', 'серебристый', 'krona', 'машина', 'kamaya'}"
690e287b3c850d7c,"{'гб', '2020', 'matepad', 'wi', 'fi', 'синий', 'cellular', '4', 'насыщенный', 'huawei', '64', 'планшет', '10'}"
696f261b866ca3b6,"{'hp', 'мфу', 'лазерное', '1200', 'w', 'laser', 'neverstop'}"
698c2d3015a71ee7,"{'x', '5331', 'кофемашина', 'beko', 'ceg'}"
698c7fc4d748a8e1,"{'global', 'mi', '50', '2018', 'tv', '4', 't', 'led', 's', 'стальной', '2', 'телевизор', 'xiaomi', 'hdr'}"
6991971afd95e343,"{'микроволновая', 'белый', 'печь', 'me', 'samsung', '83', 'arw'}"
69c224115cc00a85,"{'робот', 'lds', 'robot', 'finder', 'белый', 'пылесос', 'trouver', 'vacuum', 'mop', 'xiaomi'}"
6a275666ebb5de0a,"{'x', 'asus', '1920', 'гц', 'черный', '1080', 'монитор', '27', 'va', 'ehe', '75', 'ips'}"
6a8af20af594f8f6,"{'am', 'fx', '4350', '3', '4200', 'процессор', 'amd', '4', 'мгц', 'oem'}"
6af522dbaebbe215,"{'стиральная', 'wmi', '6128', 'белый', 'машина', 'weissgauff'}"
6b25de61f7d616b8,"{'робот', 'mijia', 'robot', 'белый', 'пылесос', 'sweeping', 'g', '1', 'xiaomi'}"
6b423ba12a723c38,"{'buds', 'galaxy', 'беспроводные', 'черный', 'ru', 'наушники', 'samsung', '2'}"
6ba3b74a1ca138cf,"{'в', 'плита', 'черный', 'energy', '904', 'электрическая', 'en'}"
6d65b7363fdef730,"{'p', 'bosch', 'газовый', 'белый', '23', 'водонагреватель', 'проточный', '2', 'wr', '10'}"
6e471a700c40e2ab,"{'микроволновая', '700', 'horizont', 'черный', 'печь', 'bhb', '1479', 'mw', '20'}"
6e7af3790d933f72,"{'dnw', 'лазерный', 'принтер', 'ricoh', 'sp', '230'}"
6eaa6834dbf86212,"{'plus', 'кофемашина', 'lirika', 'saeco'}"
6f17521194a87f9e,"{'компьютерная', 'sparta', 'smartbuy', 'акустика'}"
6f205028762b6145,"{'встраиваемая', 'bdw', 'посудомоечная', 'машина', '4124', 'weissgauff'}"
7082d012f6c82847,"{'thermex', '10000', 'черный', 'водонагреватель', 'проточный', 'onyx', 'электрический'}"
70dda99f86242098,"{'global', 'робот', '7', 'черный', 'пылесос', 'roborock', 's'}"
715017d68a89f1b1,"{'retail', 'gaming', 'видеокарта', 'rtx', 'g', 'geforce', '3050', 'msi', '8'}"
720fb1e8502e4198,"{'x', 'am', '5600', '6', 'процессор', '5', '3700', 'box', 'amd', '4', 'мгц', 'ryzen'}"
72568b8dd31ed9b7,"{'528', 'rf', 'фен', 'redmond'}"
729f1b1e59600803,"{'global', 'mi', 'smart', 'умный', 'браслет', 'черный', '5', 'band', 'xiaomi'}"
7378a789c6b7c656,"{'radeon', 'ua', '5500', '1', 'amd', '90', 'w', '0', 'гб', 'x', 'ггц', 'asus', '11', 'vivobook', '1920', '5', '7', 'l', 'ноутбук', 'indie', '15', 'ssd', 'ryzen', '512', '06500', 'nb', 'черный', '1179', '2', '513', 'tp', 'm', '6', 'rx', 'u', 'windows', '1080', 'home', 'vega'}"
73c8a97445f43966,"{'x', 'e', '21', 'lenovo', '1920', 'гц', '5', 'черный', '1080', 'монитор', '22', 's', 'va', 'thinkvision', '20', '75'}"
74b8df4389f87055,"{'kdi', 'встраиваемая', '45985', 'посудомоечная', 'серебристый', 'korting', 'машина'}"
74d0d86e83e8cfbd,"{'101', 'индукционная', 'плита', 'черный', 'hp', 'olto', 'i'}"
760e54d0f7254c84,"{'гб', 'серый', 'wi', 'fi', 'космос', '2021', 'ipad', 'apple', '64', 'планшет'}"
767e8aac14292d41,"{'стиральная', 'bosch', '24340', 'белый', 'wiw', 'машина'}"
776d4db26cb2e451,"{'12700', 'lga', '12', '3600', 'intel', '1700', '7', 'процессор', 'k', 'core', 'мгц', 'i', 'oem'}"
7810daae8a7e7fba,"{'v', 'er', 'водонагреватель', '100', 'накопительный', 'edisson', 'электрический'}"
78a87eb0e0365083,"{'au', 'черный', 'ru', 'u', '7100', 'led', '2021', 'samsung', 'ue', '55', 'телевизор', 'hdr'}"
78bec6b366af5726,"{'8961', 'tp', 'wi', 'fi', 'link', 'роутер', 'n', 'w', 'td'}"
79365b00febf391b,"{'встраиваемая', 'bdw', 'посудомоечная', '4004', 'машина', 'weissgauff'}"
7a42c345f69cd7b7,"{'гб', 'серый', '9', 'смартфон', 'ru', '128', 'redmi', 'c', '4', 'nfc', 'xiaomi'}"
7b2f56fdae6e4b69,"{'nivona', 'caferomatica', 'кофемашина', '520', 'nicr'}"
7bd6e22a9ae5875a,"{'lumme', '1057', 'фен', 'lu'}"
7c078e4143695811,"{'гб', 'смартфон', 'galaxy', '12', '9860', 'sm', 'черный', 'g', '5', '256', 'n', 'samsung', '20', 'ultra', 'note'}"
7d0876a6abed076a,"{'акустика', '180', 'компьютерная', 'genius', 'sp', 'q'}"
7d57bd0cea170275,"{'07', 'белый', 'сплит', 'dhp', 'система', 'dahatsu'}"
7daa2feb09ae2f1b,"{'50', '60', 'qled', 'черный', 'abu', '2021', 'samsung', 'hdr', 'телевизор', 'q', 'qe'}"
7e0aa20dfe462648,"{'x', 'asus', '23', '1920', 'гц', 'черный', '1080', '8', 'монитор', 'va', '24', 'ehe', '75', 'ips'}"
7e6e34bdb1103b4d,"{'встраиваемая', 'посудомоечная', 'dsie', 'b', 'машина', 'indesit', '2', '10'}"
7f0e67ce52682515,"{'серый', 'buds', '3', 'ледник', 'беспроводные', 'redmi', 'pro', 'наушники', 'xiaomi'}"
7fc4b6b8b93509c0,"{'verocup', '30129', 'bosch', 'кофемашина', 'tis', '100', 'rw'}"
80abb5aed92419c1,"{'01370', 'asus', 'lm', 'монитор', '90', 'b', '24', 'va', 'dqlb', '0544'}"
80fdbdcfcaae3448,"{'акустика', 'defender', 'компьютерная', 'spk', '540'}"
81b6691e5d2c752f,"{'honor', 'умный', '6', 'браслет', 'band', 'коралловый', 'розовый'}"
81bfaff4d9a7c386,"{'130', 'braun', 'фен', 'hd'}"
83c7f376d1e41642,"{'микроволновая', 'horizont', 'белый', 'печь', '1378', '800', 'mw', '20'}"
8469af0c1005c7f2,"{'brother', 'l', 'hl', 'лазерный', 'принтер', 'dwr', '2340'}"
84fd7990c2a3e568,"{'babyliss', '6704', 'e', 'фен'}"
850317b70906e681,"{'мм', '3', 'белый', 'earpods', '5', 'наушники', 'apple'}"
856751a358b2734a,"{'встраиваемая', '62040', 'посудомоечная', 'gorenje', 'белый', 'машина', 'gv'}"
859f1dd7a649560e,"{'микроволновая', 'белый', '1', 'печь', 'me', 'samsung', '83', 'krw'}"
8612bdb4fe798b2f,"{'2020', '1', '256', '1600', 'гб', 'x', 'macos', 'серый', 'ггц', 'll', '3', 'macbook', 'late', 'ноутбук', '63', '2560', 'ssd', 'mgn', 'air', 'космос', '2', 'm', '13', 'apple'}"
864817f21dfff210,"{'гб', 'смартфон', 'galaxy', '6', 'черный', '52', '128', 's', 'samsung', 'a'}"
8676768acab9c5ee,"{'mi', 'wi', 'fi', 'ru', 'роутер', '4', 'a', 'router', 'xiaomi'}"
86d39bd34b8f5e23,"{'30', 'thermex', 'белый', 'водонагреватель', 'накопительный', 'double', 'электрический'}"
872a4e660493748b,"{'встраиваемая', 'микроволновая', 'черный', 'печь', 'hansa', 'amg', 'bfh', '20'}"
87a78dfb2fbdff0c,"{'cms', 'акустика', 'компьютерная', 'cbr', '635'}"
880425acc14cd89b,"{'e', 'wi', 'fi', 'wf', 'роутер', '2409', 'netis'}"
88acf0e46386f61d,"{'1', 'geforce', '8', '90', 'pro', 's', 'w', 'eg', '0', '450', 'x', 'ггц', 'hy', 'intel', 'asus', 'синий', '1920', '7', 'g', 'ноутбук', 'ssd', 'ux', 'duo', 'nb', 'zenbook', '360', 'mx', '1165', 'i', '2', '51', 'r', '482', 'тб', 'm', '000', 'windows', '1080', 'core', 'celestial', 'nvidia', '14', '10'}"
89f10b618c2cee72,"{'2060', 'polaris', 'кофемашина', 'ac', 'pacm'}"
8abff1fd30760f44,"{'xiaomi', 'e', 'серебристый', '2019', 'cn', 'led', 'pro', 's', 'телевизор', '65', 'hdr'}"
8b3925c2f2a210c5,"{'микроволновая', 'ap', '23', '5018', 'черный', 'печь', 'mg', 'samsung', 't'}"
8b69cc8b592abddf,"{'x', '5311', 'кофемашина', 'beko', 'ceg'}"
8c478e5e07402147,"{'desktop', 'x', 'mi', 'monitor', '60', '23', '1920', 'гц', '1', 'черный', '1080', '8', 'монитор', 'c', 'xiaomi', 'ips'}"
8c82a2f5ce71159a,"{'pl', 'ariston', 'dune', 'белый', 'водонагреватель', '5', '1', 'накопительный', 'k', '80', 'электрический'}"
8cf1b9c715f9a13f,"{'30', 'thermex', 'водонагреватель', 'накопительный', 'mechanik', 'mk', 'электрический'}"
8d6e8bbe6b1eadad,"{'lenovo', 'eu', 'kac', '1', 'c', 'монитор', 'b', '24', '66', '25', '0'}"
8e2012bfdbccf188,"{'ariston', 'nts', 'v', 'белый', 'водонагреватель', 'накопительный', 'fais', '80', 'электрический'}"
8e24de4e8777d93a,"{'air', 'buds', 'realme', 'беспроводные', 'черный', 'наушники', '2'}"
8f9c8fcf9cb2862c,"{'x', 'lenovo', '23', '1920', 'черный', '1080', '8', 'монитор', 'c', '24', 'va', '20'}"
8f9f7a8f4b112f15,"{'earbuds', 'choice', 'honor', 'беспроводные', 'черный', 'полночный', 'наушники'}"
909e4bc94eef35b2,"{'4106', 'встраиваемая', 'компактная', 'bdw', 'посудомоечная', 'белый', 'машина', 'weissgauff'}"
90a9e868dc22bbbe,"{'starwind', 'tac', '07', 'белый', '1', 'chsa', 'сплит', 'система', 'xaa'}"
9158a4c6707ede74,"{'retail', 'gigabyte', 'gaming', '12', 'видеокарта', '3080', 'rtx', 'g', 'geforce', 'oc', 'n', 'gd', 'gv'}"
91ac89bf0cf37452,"{'earbuds', 'lite', 'honor', 'беспроводные', 'черный', 'полночный', 'наушники', '2'}"
9217fac11424f831,"{'гб', 'global', 'ne', 'смартфон', 'lite', '11', 'черный', 'g', '5', '128', '8', 'xiaomi', 'трюфельно'}"
922a15232c00e78c,"{'electrolux', '6', 'водонагреватель', 'aquatronic', 'проточный', 'np', '2', '0', 'электрический'}"
925c5d9217d329f2,"{'braun', '385', 'фен', 'hd'}"
92d355d0c4a7e069,"{'lga', '9', 'intel', '1700', 'процессор', 'k', 'core', '3200', 'мгц', '16', '12900', 'i', 'oem'}"
92f1db4ddab3befe,"{'встраиваемая', 'bdw', 'посудомоечная', 'белый', 'машина', 'weissgauff', '4533'}"
9317f988ff2328d5,"{'кофемашина', 'lirika', 'saeco'}"
938fd7feb4447953,"{'r', 'микроволновая', '95', 'черный', 'gir', 'печь', 'lg', 'mw', '25'}"
93bc07ff850e71d0,"{'кофемашина', 'jura', 'e', '6'}"
93bfeb64227828a3,"{'genie', 'electrolux', 'белый', 'водонагреватель', 'eco', 'накопительный', 'ewh', '10', 'электрический'}"
94120a348b9d0bac,"{'022', 'холодильник', 'белый', 'хм', '4010', 'atlant'}"
94c79cc29a91f6ba,"{'43', 'au', 'черный', 'u', '9000', 'led', '2021', 'samsung', 'ue', 'телевизор', 'hdr'}"
94e153585c3ba096,"{'buds', '3', 'беспроводные', 'черный', 't', 'pro', 'наушники', 'xiaomi'}"
94e5f00c4138bbf8,"{'стиральная', 'белый', '7', 'krona', 'k', '1200', 'машина', 'kaya'}"
954dce8f7193712b,"{'r', 'встраиваемая', 'bosch', 'посудомоечная', 'белый', '03', 'машина', 'bx', '25', 'smv'}"
95aafaf6ecf2889f,"{'tb', 'cellular', 'гб', 'x', 'со', 'серый', 'wi', 'plus', 'стальной', 'tab', '128', '2', 'планшет', 'fhd', 'm', 'lenovo', 'gen', 'fi', '4', '606', 'стилусом', '10'}"
95e18541133f46a1,"{'x', 'серебристый', '23', '1920', 'hn', '2421', 'гц', '1080', '8', 'монитор', 'черный', 's', 'dell', '75', 'ips'}"
983409b96758b510,"{'wgs', 'плита', 'белый', 'g', '1', '02', 'газовая', 'weissgauff'}"
99fe19e16b5bbeee,"{'xerox', 'ni', 'workcentre', 'мфу', '3025', 'лазерное'}"
9a719f61518fdbfc,"{'робот', 'and', 'robot', 'белый', 'g', 'пылесос', 'inertial', 'navigation', 'sweep', '2', 'mop', 'xiaomi', 'lydsto'}"
9afe55bb4bf1e8a8,"{'гб', 'super', 'gaming', 'retail', 'видеокарта', 'asus', '6', 'tuf', 'g', 'geforce', 'gtx', 'oc', '1660', 's', 'o'}"
9c2ebb2b8b07cad2,"{'x', 'vp', '21', 'he', 'asus', '1920', 'гц', '5', 'черный', '229', '1080', 'монитор', '75', 'ips'}"
9d4183b628702996,"{'tb', '2020', 'ru', 'cellular', 'pro', 'гб', 'серый', 'со', 'wi', '11', 'l', 'tab', '128', '706', 'планшет', 'p', 'lenovo', 'fi', '6', 'j', 'стилусом'}"
9d7d3c602d0282b2,"{'global', 'часы', 'wi', 'fi', 'синий', 'watch', 'океан', '1', 'умные', 'active', 's', 'nfc', 'xiaomi'}"
9d8cb95c8e99ac33,"{'фен', '5', 'showsee', 'a', 'xiaomi'}"
9ebdb1e8f6e7d472,"{'стиральная', 'kalisa', 'белый', 'krona', 'k', '1400', '8', 'машина'}"
9f89cf7692541c36,"{'mijia', 'фен', 'h', '300', 'anion', 'xiaomi'}"
a05ae39cb2ace0f4,"{'caffeo', 'melitta', 'smart', 'кофемашина', 'barista'}"
a07d5538ebec8e36,"{'r', '6750', 'gigabyte', 'gaming', '12', 'видеокарта', 'retail', 'radeon', 'rx', 'xtgaming', 'g', '675', 'oc', 'gd', 'xt', 'gv'}"
a084f31e178be7e6,"{'lga', 'intel', '3', '3700', 'процессор', 'box', '4', 'core', '1200', 'мгц', 'i', '10105'}"
a101c2b4f2e0c8ae,"{'кофемашина', 'ep', 'philips', '2021'}"
a38aa64a14594b32,"{'08', 'he', 'белый', 'сплит', 'система', 'aciu', 'jax'}"
a51a43ae8ef6ec5d,"{'x', 'lenovo', '1920', 'гц', 'g', '5', 'tn', '1080', 'черный', 'монитор', '24', '25', '144', '10'}"
a62ac35841239177,"{'микроволновая', '3614', 'белый', '23', 'k', 'печь', 'mg', 'aw', 'samsung'}"
a75cab6d9c61065e,"{'retail', 'gaming', 'видеокарта', 'g', 'geforce', 'gtx', 'msi', '4', 'ti', '1050'}"
a7a8a654959ef5c9,"{'3243', 'кофемашина', 'ep', 'philips'}"
a89e7cb3e98a5189,"{'global', 'робот', 'e', 'черный', 'пылесос', 'roborock', '4'}"
a8d71ac2f5a72530,"{'203', 'gembird', 'акустика', 'компьютерная', 'spk'}"
a912d1bb76429af5,"{'компьютерные', '17', 'up', 'dialog', 'колонки', 'ast'}"
a952db06b973510f,"{'m', 'hp', 'лазерный', 'принтер', '111', 'w', 'laserjet'}"
a97b2ca22a6393b3,"{'ideapad', 'iris', 'pro', 'graphics', 'гб', 'x', 'серый', 'ггц', 'intel', '7', '1135', '5', 'g', 'l', 'ноутбук', 'itl', 'ssd', '512', '3008', '1400', 'i', '2', 'prk', 'xe', 'lenovo', '6', 'windows', '4', 'core', 'home', '82', '2240', '14', '10'}"
aa77ce058814e55b,"{'cooker', 'mi', 'mijia', 'induction', 'lite', 'индукционная', 'плита', 'белый', 'home', 'xiaomi'}"
ab2448c31b563b2e,"{'r', 'retail', 'gigabyte', 'видеокарта', 'radeon', 'xteagle', 'rx', 'g', 'eagle', '6650', '8', 'gd', 'xt', '665', 'gv'}"
ab66700c291ac5ce,"{'робот', '9', 'dreame', 'белый', 'пылесос', 'ru', 'f'}"
abe138723279f9af,"{'гб', 'смартфон', 'синие', '11', 'ru', '128', 'redmi', '8', 'звезды', 'pro', 'xiaomi', 'note'}"
adcbc61186628800,"{'встраиваемая', 'стиральная', 'mfglw', 'midea', 'b', 'машина', '80'}"
ae0ded178481d783,"{'x', 'p', '2418', 'hzm', '23', '1920', 'гц', 'черный', '1080', '8', 'монитор', 'dell', '76', 'ips'}"
ae5c533c45a41bdc,"{'fs', 'мфу', 'лазерное', '1025', 'mfp', 'kyocera'}"
af07144cef25d3ef,"{'гб', 'global', 'серый', 'смартфон', '128', 'redmi', '8', 'pro', 'оникс', 'xiaomi', 'note', '10'}"
b01fdcef319c260d,"{'m', 'hp', 'мфу', 'dw', 'лазерное', 'pro', 'laserjet', '428', 'mfp'}"
b05babdc653dcd9d,"{'акустика', 'компьютерная', 'ok', '120', 'oklick'}"
b06b981adc52c752,"{'1040', 'лазерный', 'принтер', 'fs', 'kyocera'}"
b1d0b61573ff0b3f,"{'робот', 'mi', 'robot', 'белый', 'пылесос', '1', 'cn', 'cleaner', 's', 'vacuum', 'xiaomi'}"
b33b2e069b9d7cf9,"{'43', '60', 'qled', 'abux', 'черный', '2021', 'samsung', 'hdr', 'телевизор', 'q', 'qe'}"
b3776edba7cd2247,"{'tp', 'wi', 'fi', 'link', 'tl', '841', 'роутер', 'n', 'wr'}"
b435b4515808e799,"{'холодильник', 'ga', 'b', 'slul', '379', 'lg', 'графитовый'}"
b43738df81b274e6,"{'часы', 'rex', 'черный', 'умные', 'pro', 'amazfit', 'meteorite'}"
b5878d4747e452ad,"{'580', 'braun', 'фен', 'hd'}"
b5f3df0435498593,"{'thermex', '50', 'белый', 'водонагреватель', 'накопительный', 'titaniumheat', 'электрический'}"
b60a61d64c53850f,"{'гб', 'global', 'серый', 'смартфон', '11', '256', 'метеоритный', '8', 't', 'pro', 'xiaomi'}"
b6f6e9b5ead263ae,"{'встраиваемая', '08', 'cdih', 'candy', 'посудомоечная', '949', '1', 'l', 'машина'}"
b74de9b0b28590b4,"{'стиральная', 'bosch', 'белый', 'wiw', '28540', 'машина'}"
b75a8eaef3f48c70,"{'tp', 'wi', 'fi', 'ax', 'link', 'роутер', 'archer', '53'}"
b91a686bdeee3b59,"{'робот', 'robot', 'черный', 'пылесос', 'viomi', 'cleaning', 'xiaomi'}"
b941b65ba33a29a0,"{'x', 'lenovo', '1920', '165', 'g', 'гц', 'черный', '1080', 'c', 'монитор', '27', 'va', '10'}"
b9df41642d81ecf1,"{'lga', 'intel', 'pentium', 'box', 'процессор', 'g', '6405', '1200', '4100', 'мгц', 'золото', '2'}"
b9f298aeed28f1a1,"{'стиральная', 'bwm', 'zigmund', '03', 'машина', 'shtain'}"
bca7199a97f77357,"{'гб', '6600', 'retail', 'видеокарта', 'radeon', 'dual', 'asus', 'rx', 'g', '8'}"
bcad9e86686f9bdb,"{'cms', 'микроволновая', 'candy', 'белый', 'печь', '20'}"
bcaef629354a7f34,"{'плита', 'кт', '141', 'инфракрасная', 'kitfort'}"
bd62c68d54171320,"{'3', 'водонагреватель', 'atmor', '5', 'проточный', 'lotus', 'душ', 'электрический'}"
bd828d1ddcec8c48,"{'микроволновая', 'ms', '3614', 'белый', '23', 'k', 'печь', 'aw', 'samsung'}"
bdcbf9f316fe0125,"{'стиральная', 'candy', 'белый', 'сушкой', 'twh', '8514', 'машина', 'cbwd'}"
be85c7f8554f16c0,"{'x', 'asus', '23', '1920', 'гц', 'черный', '1080', '8', 'монитор', 'va', '24', 'dqlb', '75', 'ips'}"
beaf8f52f0745c2c,"{'гб', 'x', 'global', 'смартфон', 'рный', '6', 'g', '5', '128', 'лазерный', '4', 'poco', 'pro', 'xiaomi'}"
bfdc076d700c7c34,"{'робот', 'mijia', 'lds', 'белый', 'пылесос', 'cn', 'cleaner', 'vacuum', 'xiaomi'}"
c0366162aa2500f8,"{'x', 'gaming', 'vg', '1440', 'wq', 'asus', 'tuf', 'черный', 'монитор', '27', 'va', '2560'}"
c09a5711e558f38f,"{'x', '2721', 'серебристый', 'hsx', '1920', 'гц', 'черный', 'hs', '1080', 'монитор', '27', 's', 'dell', '75', 'ips'}"
c14d00955ff5ffd7,"{'fx', 'am', '3', '4300', 'процессор', 'amd', '4', 'мгц', '3800', 'oem'}"
c155f6c23a8f7aa4,"{'neff', 'стиральная', 'x', 'oe', 'белый', 'w', 'машина', '6440', '0'}"
c1ba3c0a199ab1a2,"{'гб', 'air', 'wi', 'fi', 'space', '2022', 'gray', 'ipad', 'apple', '64', 'планшет'}"
c23587593162a13a,"{'кран', 'дисплеем', 'водонагреватель'}"
c24becbb7f823904,"{'мощный', 'кран', 'воды', 'нагрев', 'водонагреватель', 'быстрый', 'ванную', 'проточный', 'электрический', 'комнату', 'смеситель'}"
c24cbf788d7f1d47,"{'buds', 'lite', '3', 'белый', 'беспроводные', 'redmi', 'наушники', 'xiaomi'}"
c293089bc63254cd,"{'50', 'nanocell', 'черный', 'pa', 'nano', 'lg', '2021', '756', 'телевизор', 'hdr'}"
c2e78a61139bb6ce,"{'гб', 'global', 'серый', 'смартфон', '6', 'redmi', '8', 'pro', 'минеральный', '64', 'xiaomi', 'note'}"
c319522c2212e9ef,"{'pig', 'наручный', 'jet', 'смарт', 'браслет', 'kid', 'peppa'}"
c5a26ac6308a0d11,"{'белый', '1', 'мобильный', 'hpac', 'кондиционер', '09', 'hyundai'}"
c5f1eb9158c3a707,"{'dkb', 'микроволновая', 'horizont', 'черный', 'печь', '1479', 'mw', '25', '900'}"
c7336f203881a3c0,"{'retail', 'gigabyte', '3060', 'видеокарта', '12', 'rtx', 'g', 'geforce', 'eagle', 'rev', 'oc', 'n', 'gd', '2', '0', 'gv'}"
c74b2d4c1e6a99b3,"{'индукционная', 'плита', 'gorenje', 'черный', '566815'}"
c7a2e281526c9348,"{'комбинированная', 'ws', 'плита', 'wcs', 'к', 'белый', '02', 'weissgauff', '2'}"
c8c1ad6110ff2bd2,"{'ariston', '50', 'nts', 'v', 'белый', 'водонагреватель', 'накопительный', 'fais', 'электрический'}"
c8cf6b65761ea1ef,"{'thermex', 'hit', 'водонагреватель', 'накопительный', 'pro', '10', 'электрический'}"
c94038ffa1a33df2,"{'12', 'ballu', 'белый', 'hn', '1', 'bso', 'сплит', 'система'}"
c9634b0b93d1bafc,"{'general', 'hr', '12', 'белый', 'h', 'gu', 're', 'сплит', 'система', 'climate', 'gc'}"
c9a0918e91a98305,"{'water', 'mijia', 'фен', 'ion', 'dryer', 'hair', 'xiaomi', '1800'}"
cac2180bc7c4d5fa,"{'гб', 'retail', 'сапфир', '12', 'видеокарта', 'radeon', 'rx', '11306', 'g', '6700', '02', 'pulse', 'xt', '20'}"
cb4a51946d773a5a,"{'lite', 'wi', 'fi', 'kn', 'роутер', 'keenetic', '1311'}"
cc13eaa7e880c0d7,"{'wi', 'fi', 'ac', 'tenda', 'роутер', '8'}"
ccd0ad2b2ddd13bf,"{'x', 'gaming', '249', 'vg', 'asus', 'tuf', '23', '1920', 'гц', 'ips', '1080', '8', 'монитор', 'черный', 'q', '144'}"
cd378ed756aa2882,"{'405', 'ginzzu', 'акустика', 'gm', 'компьютерная'}"
cdbe98a45d95d962,"{'buds', '3', 'белый', 'беспроводные', 'redmi', 'наушники', 'xiaomi'}"
cf0fa4f752feaed4,"{'buds', 'galaxy', 'live', 'беспроводные', 'черный', 'наушники', 'samsung'}"
cf32ba7dd3343a4f,"{'gembird', 'акустика', 'компьютерная', 'spk', '510'}"
cfc2b5f5c0fa69dd,"{'427', 'ginzzu', 'акустика', 'gm', 'компьютерная'}"
d0566cc764e744fb,"{'6', 'ek', 'фен', 'coifin'}"
d0615796a24cb300,"{'thermex', 'белый', 'водонагреватель', 'накопительный', '15', 'smartline', 'электрический'}"
d0c64830aa5b693c,"{'гб', 'retail', 'np', 'видеокарта', '740', 'ninja', 'nh', 'geforce', 'f', '025', 'gt', '74', 'sinotex', '2'}"
d12a40fb23753f89,"{'холодильник', '4180', 'белый', 'itr', 'indesit'}"
d19665c423c71f84,"{'2019', 'черный', '1110', 'led', '32', 'asano', 'телевизор', 't', 'lh'}"
d307989eecbe7f7b,"{'air', 'fv', '1', 'daichi', 'настенная', 'сплит', 'система', 'кондиционер', 'avq', '20'}"
d3f1c49998c771f3,"{'global', 'часы', 'lite', 'синий', 'watch', 'redmi', 'умные', '2', 'xiaomi'}"
d3fd12251a6b85f4,"{'mdoag', 'hn', '1', 'hrn', 'сплит', 'система', 'кондиционер', '09', 'mdsag', 'mdv'}"
d43cca2069b8cc44,"{'119', 'индукционная', 'плита', 'серебристый', 'кт', 'kitfort'}"
d4d30066f59fe4ad,"{'33', 'гб', 'смартфон', 'galaxy', 'm', 'g', '5', '128', '8', 'зеленый', 'samsung'}"
d4ebc4a26700d5e0,"{'робот', 'mi', 'lite', 'robot', 'белый', 'пылесос', 'ru', 'vacuum', 'mop', 'xiaomi', '2'}"
d4fe7179ce05fe85,"{'thermex', 'белый', 'водонагреватель', 'накопительный', 'ic', 'cask', 'inox', '10', 'электрический'}"
d57236931190ee4f,"{'30', 'thermex', 'hit', 'белый', 'водонагреватель', 'накопительный', 'pro', 'электрический'}"
d5f74488ca1cd971,"{'r', 'микроволновая', 'gib', '23', 'черный', '35', 'печь', 'lg', 'mw'}"
d6e602c1a66213c8,"{'белый', 'zanussi', 'водонагреватель', 'накопительный', '1237360', 'нс', 'электрический'}"
d75d646df7e9e2bb,"{'50', 'au', 'черный', 'u', '7100', 'led', '2021', 'samsung', 'ue', 'телевизор', 'hdr'}"
d7d28d1201ba8bde,"{'встраиваемая', '08', 'cdih', 'candy', 'посудомоечная', 'l', '1047', 'машина', '2'}"
d82bc0afa73ab4e0,"{'корпус', 'стиральная', 'slw', 'tb', 'белый', 'черный', 'lorenz', 'schaub', 'машина', '8134', 'люк'}"
db2864373795ea53,"{'ос', 'ideapad', 'radeon', 'amd', 'гб', 'x', 'athlon', 'без', '81', 'ггц', '3', '1920', 'l', 'ноутбук', '300', 'api', '15', 'ssd', '340', 'lw', 'rk', 'черный', '128', 'granite', 'a', '2', '00', 'lenovo', '6', 'u', '1080', '4', 'vega'}"
dbacf1a8aab6c261,"{'retail', 'x', 'видеокарта', 'rtx', 'g', 'geforce', '3050', 'msi', 'ventus', '8', 'oc', '2'}"
dcaa0047e36b83d4,"{'часы', 'runner', 'черный', 'watch', 'умные', 'nfc', 'gt', 'huawei'}"
dd12cee5786d442e,"{'bcc', 'smeg', 'кофемашина', '01'}"
de666c1df1cfda43,"{'m', '404', 'hp', 'лазерный', 'принтер', 'pro', 'laserjet', 'dn'}"
debaf87e85f94b1c,"{'fss', 'плита', 'белый', 'beko', 'dw', '53000', 'комбинированная'}"
df3067c6ea1deee5,"{'гб', 'смартфон', 'мята', 'зеленая', 'ru', '128', 'redmi', 'c', '4', 'nfc', 'xiaomi', '10'}"
df8dbcf0d4e381e6,"{'babyliss', 'фен', '6520', 'bab', 'pro', 're'}"
e041f07c2f1d0d57,"{'lga', 'intel', '1700', 'pentium', '3700', 'процессор', 'g', '7400', 'мгц', 'золото', '2', 'oem'}"
e04256de6e2839ea,"{'встраиваемая', '4543', 'bdw', 'посудомоечная', 'серебристый', 'машина', 'weissgauff'}"
e043872d672a8fe8,"{'mb', 'geforce', 'ddr', 'gt', 'ret', '730', 'asus', '5', 'gd', '64', 'hdcp', 'h', '2048', 'hdmix', '2', '5010', '902', 'видеокарта', 'sl', 'pci', '4', 'nvidia'}"
e09b76f558f1befe,"{'1030', 'гб', 'retail', 'видеокарта', 'sl', 'asus', 'brk', 'lp', 'g', 'geforce', 'gt', '2', 'silent'}"
e0ec83be2c57721d,"{'rt', 'iris', 'thinkpad', 'pro', '20', '0003', 'graphics', 'гб', 'x', 'ггц', 'intel', '7', '1920', '1135', '5', 'g', 'ноутбук', '15', 'ssd', '512', 'e', 'черный', 'td', 'i', '2', 'xe', 'lenovo', 'gen', '6', 'windows', '1080', '4', 'core', '10'}"
e10186c861a7c219,"{'hp', 'мфу', '135', 'лазерное', 'laser', 'a', 'mfp'}"
e14fd7d4b79c39dc,"{'стиральная', '60', 'белый', 'ewa', 'машина', 'graude', '0'}"
e256cd9888e0f207,"{'акустика', '190', 'defender', 'компьютерная', 'spk'}"
e2e227ddf732c1ca,"{'perfectcare', 'r', 'стиральная', '700', 'wi', 'electrolux', 'белый', '7', 'f', '47', '4', 'машина', 'ew'}"
e357703b9d6568a6,"{'global', 'mi', 'smart', 'умный', '6', 'браслет', 'черный', 'band', 'xiaomi'}"
e43fd47ebadc2c26,"{'мм', 'часы', 'honor', 'черный', 'умные', 'агатовый', 'magicwatch', '2', '42'}"
e459c9495955613a,"{'70', 'фен', 'scarlett', 'it', 'sc', 'hd', '02'}"
e5542a95bc882c43,"{'стиральная', 'bi', 'белый', '71252', 'машина', 'indesit', 'wmil'}"
e57bf72b51723408,"{'535', 'bo', '1', 'geforce', '251', '90', 'pro', '0', 'max', '10870', 'x', 'серый', 'ггц', 'intel', 'asus', '1920', '7', 'ноутбук', '15', 'z', 'ssd', 'ux', 'nb', 'h', 'zenbook', 'gtx', 'i', '2', 'lh', 'r', 'm', 'тб', '6', 'rx', '000', 'windows', '1080', 'core', 'nvidia', '1650', '10'}"
e62b831e32efcbc8,"{'ea', '410', 'iris', '90', 's', 'w', '0', 'graphics', 'гб', 'x', 'серый', 'ггц', 'intel', '002', '3', 'asus', '11', 'vivobook', '1920', '5', 'g', '1135', 'ноутбук', '7', 'sf', 'indie', '15', 'ssd', '512', 'nb', 'черный', 'i', '533', '2', 'bn', 'xe', 'p', 'm', '6', 'windows', '1080', '4', 'core', 'home'}"
e867e92d563f6caf,"{'плита', 'lumme', 'черный', 'lu', 'электрическая', '3631'}"
e890f739eb760654,"{'r', 'retail', 'gigabyte', 'видеокарта', 'radeon', 'rx', 'g', 'eagle', '4', '6400', 'gd', '64', 'gv'}"
e8ca5c0eeaa7f392,"{'r', 'fhi', 'x', '356', 'синий', '1920', 'гц', 'gray', '1080', 'монитор', 'dark', '27', 's', 'samsung', '75', 'ips'}"
e8d1b4fddabaa505,"{'tb', '2020', 'ru', 'cellular', 'гб', 'серый', 'wi', 'сланцево', '11', 'l', '64', 'tab', 'планшет', 'p', 'lenovo', 'fi', 'j', '4', '606'}"
e8f7590b4c24fdbf,"{'робот', 'robot', 'eu', 'пылесос', 'c', 'vacuum', 'mop', 'xiaomi', '2'}"
e918286fd2fc8fce,"{'m', 'nw', 'мфу', 'лазерное', '6607', 'pantum'}"
e940c807b83b4a98,"{'30', 'микроволновая', 'серебристый', '5018', 'печь', 'mg', 'ag', 'samsung', 't'}"
ea2228931c428185,"{'розовая', 'умный', '6', 'браслет', 'сакура', 'band', 'huawei'}"
ea223ca919e2f464,"{'in', 'mi', 'basic', 'headphones', 'черный', 'наушники', 'ear', 'xiaomi'}"
ea290c29074c92ad,"{'акустика', 'v', '11', 'defender', 'компьютерная'}"
eab61e20ff52459e,"{'x', 'gaming', 'mi', '34', '1440', 'гц', 'xmmntwq', 'черный', '3440', 'cn', 'монитор', 'va', 'curved', 'xiaomi', '144'}"
ec95d0b2bf54abf4,"{'гб', 'смартфон', 'galaxy', 'белый', 'g', '5', '73', '256', '8', 'samsung', 'a'}"
ed65d39d41aeab0e,"{'стиральная', 'bi', 'белый', 'сушкой', '861484', 'wdwg', 'машина', 'whirlpool'}"
ef7e9ae5c1c2b654,"{'wi', 'fi', 'link', 'dir', '825', 'ru', '1', 'роутер', 'a', 'i'}"
ef9a2e91bb566217,"{'wi', 'fi', '1810', 'kn', 'роутер', 'keenetic', 'ultra'}"
efe4ee66e37c9fee,"{'стиральная', 'tw', '252', 'мини', 'lg', 'машина', 's'}"
f0506a48de1ba119,"{'микроволновая', '700', 'horizont', 'черный', 'bkb', 'печь', '1479', 'mw', '20'}"
f0cb68e921dee9b3,"{'thermex', '50', 'водонагреватель', 'накопительный', 'first'}"
f0fc718b6d6c7d8e,"{'philips', 'фен', 'bhd', '341'}"
f1d7a6de205f4c9e,"{'r', 'микроволновая', 'ms', 'белый', 'd', 'печь', 'lg', '20', '42'}"
f1e45865f42886c4,"{'робот', 'mijia', 'белый', 'пылесос', 'sweeping', '1', 'c', 'cn', 'cleaner', 'vacuum', 'xiaomi'}"
f1ef51ca6bab03d3,"{'x', '9', '3400', 'am', 'процессор', 'amd', '4', 'мгц', '5950', '16', 'oem', 'ryzen'}"
f3218fffa4c09614,"{'lga', 'intel', '1700', '6', 'процессор', '5', 'core', 'мгц', '2500', '12400', 'i', 'oem'}"
f325184a5c99c599,"{'kdi', 'встраиваемая', '45570', 'посудомоечная', 'серебристый', 'korting', 'машина'}"
f35afc760cecb50f,"{'белый', 'pro', 'сплит', 'система', '09', 'hac', 'hyundai'}"
f3823ddbc3398737,"{'ariston', '6', 'водонагреватель', 'накопительный', 'andris', 'or', 'abs', 'lux', 'электрический'}"
f38501875b18a4a4,"{'gaming', 'ос', 'tuf', 'hn', 'geforce', '90', 'гб', 'x', 'без', 'fx', 'intel', 'ггц', 'asus', '1920', '7', '5', '04360', 'f', 'ноутбук', '15', 'ti', '169', 'ssd', 'gray', '512', 'nr', 'rtx', 'h', 'heb', '506', '11400', 'i', '2', 'eclipse', '0703', 'm', '6', '3050', '1080', 'core', 'nvidia'}"
f3e10061c5a04f2c,"{'hat', 'electrolux', '3', 'белый', 'eacs', 'сплит', 'система', 'n', '09'}"
f440de22d764b2a3,"{'бежевый', '902', 'холодильник', 'wtnf', 'whirlpool'}"
f4821600fc823f6d,"{'x', 'серебристый', '23', '1920', 'гц', 'черный', '1080', '8', 'монитор', 's', 'dell', '2422', 'hz', '75', 'ips'}"
f497219eb0077f84,"{'белый', 'clima', 'rc', 'hn', 'royal', 'сплит', 'система', 'pd', '28'}"
f4d135a1d7a3b3a0,"{'e', 'buds', 'm', '3', 'беспроводные', 'черный', '1', '2111', 'наушники', 'xiaomi'}"
f50c3e7f0b02facb,"{'retail', '2060', '12', 'видеокарта', 'rtx', 'g', 'geforce', 'msi', 'ventus', 'oc'}"
f530b2c4727ad971,"{'30', 'белый', 'водонагреватель', 'накопительный', 'edisson', 'es', 'электрический'}"
f57dee0aaa1d6762,"{'серый', 'v', '2', 'водонагреватель', 'накопительный', 'haier', '10', 'q', 'es', 'электрический'}"
f5949f3c3d4611af,"{'черный', '75006', 'led', 'up', 'lg', '43', '2021', 'lf', 'телевизор', 'hdr'}"
f5cbd4fcc8474730,"{'46', 'мм', 'часы', '3', 'черный', 'watch', 'умные', 'active', 'gt', 'huawei'}"
f66acf4527f0c708,"{'magnifica', 'de', '110', 'кофемашина', 'longhi', 'ecam', '22'}"
f6711591cd55c091,"{'1', 'pro', 'graphics', 'гб', 'серый', 'macos', 'll', 'macbook', 'late', 'ноутбук', '2021', 'ssd', '512', 'космос', '2', 'mk', '2234', 'm', 'core', '3456', '16', 'apple', '183'}"
f67deaee31597443,"{'индукционная', 'плита', 'белый', '0105', 'hyc', 'hyundai'}"
f6d45c3ab6c52946,"{'tp', 'wi', 'fi', 'link', 'роутер', 'c', 'archer', '80'}"
f7443cc12811da93,"{'strix', 'гб', 'gaming', 'retail', '12', 'видеокарта', 'asus', 'rtx', '3080', 'g', 'geforce', 'o', 'oc', 'ti', 'rog'}"
f90d8061194fbf26,"{'m', '6507', 'мфу', 'лазерное', 'w', 'pantum'}"
f9fc2a8afa5b2ff5,"{'акустика', 'компьютерная', '407', 'z', 'logitech'}"
fb2f4122fc21be6f,"{'стиральная', 'candy', '07', 'белый', 'dw', '914', 'машина', 'cbwm'}"
fb35f7fa64691535,"{'mi', 'часы', 'синий', 'watch', 'умные', 'темно', 'xiaomi'}"
fc0a307822fa30f3,"{'lga', 'kf', 'intel', '1700', '3700', 'процессор', '5', 'core', '10', 'мгц', 'i', 'oem', '12600'}"
fccdc0fdbefeeaa3,"{'athlon', 'x', 'am', 'процессор', '950', 'amd', '4', '3500', 'мгц', 'oem'}"
fdff5884f8e0cdaf,"{'x', 'in', 'lenovo', 'gen', '60', '23', 'one', '1920', 'гц', 'черный', '1080', '8', 'монитор', '4', '24', 'tiny', 'ips'}"
fee1d1dc53f135d1,"{'30', 'thermex', 'белый', 'водонагреватель', 'накопительный', 'slim', 'iu', 'ultra', 'электрический'}"
ff5da4be6fa60c4b,"{'gaming', 'ос', 'ideapad', 'shadow', '1', 'geforce', 'ihu', 'гб', 'x', 'без', 'ггц', 'intel', '3', '1920', '5', 'k', 'ноутбук', '315', '15', 'ssd', '512', 'rk', 'rtx', 'h', 'черный', '11300', 'i', 'lenovo', '6', '3050', '1080', 'core', '10011', '82', 'nvidia'}"
